{"loss": [[1, 2.9899983406066895], [2, 2.7479779720306396], [3, 0.8732256889343262], [4, 0.09621387720108032]], "accuracy": [[1, 0.23076923191547394], [2, 0.6051282286643982], [3, 0.9128205180168152], [4, 0.9846153855323792]], "binary_crossentropy": [[1, 5.579645156860352], [2, 4.969707489013672], [3, 3.9302237033843994], [4, 3.7448570728302]]}